<?xml version="1.0" encoding="UTF-8"?>
<project-private xmlns="http://www.netbeans.org/ns/project-private/1">
    <editor-bookmarks xmlns="http://www.netbeans.org/ns/editor-bookmarks/2" lastBookmarkId="0"/>
    <open-files xmlns="http://www.netbeans.org/ns/projectui-open-files/2">
        <group>
            <file>file:/home/bersanpablo/Desktop/FInalHLC5/web/estilos/principal.css</file>
            <file>file:/home/bersanpablo/Desktop/FInalHLC5/web/estilos/tabla.css</file>
            <file>file:/home/bersanpablo/Desktop/FInalHLC5/web/detalle.jsp</file>
            <file>file:/home/bersanpablo/Desktop/FInalHLC5/web/principal.jsp</file>
            <file>file:/home/bersanpablo/Desktop/FInalHLC5/web/estilos/index.css</file>
            <file>file:/home/bersanpablo/Desktop/FInalHLC5/web/tabla.jsp</file>
        </group>
    </open-files>
</project-private>
